SET NAMES utf8;
SET time_zone = '+00:00';
SET foreign_key_checks = 0;
SET sql_mode = 'NO_AUTO_VALUE_ON_ZERO';

DROP TABLE IF EXISTS `files`;
CREATE TABLE `files` (
  `id` int(10) unsigned NOT NULL AUTO_INCREMENT,
  `link` varchar(255) COLLATE utf8_unicode_ci NOT NULL,
  PRIMARY KEY (`id`)
) ENGINE=InnoDB DEFAULT CHARSET=utf8 COLLATE=utf8_unicode_ci;

INSERT INTO `files` (`id`, `link`) VALUES
(1, 'c/upload/file1'),
(2, 'c/upload/file2'),
(3, 'c/upload/file3');

DROP TABLE IF EXISTS `files_projects`;
CREATE TABLE `files_projects` (
  `id` int(10) NOT NULL AUTO_INCREMENT,
  `file_id` int(10) unsigned NOT NULL,
  `projects_id` int(10) unsigned NOT NULL,
  PRIMARY KEY (`id`),
  KEY `file_id` (`file_id`),
  KEY `projects_id` (`projects_id`),
  CONSTRAINT `files_projects_ibfk_1` FOREIGN KEY (`file_id`) REFERENCES `files` (`id`) ON DELETE CASCADE,
  CONSTRAINT `files_projects_ibfk_2` FOREIGN KEY (`projects_id`) REFERENCES `projects` (`id`) ON DELETE CASCADE
) ENGINE=InnoDB DEFAULT CHARSET=utf8 COLLATE=utf8_unicode_ci;

INSERT INTO `files_projects` (`id`, `file_id`, `projects_id`) VALUES
(1, 1, 1),
(2, 2, 2),
(3, 3, 3);

DROP TABLE IF EXISTS `files_tasks`;
CREATE TABLE `files_tasks` (
  `id` int(10) NOT NULL AUTO_INCREMENT,
  `file_id` int(10) unsigned NOT NULL,
  `task_id` int(10) unsigned NOT NULL,
  PRIMARY KEY (`id`),
  KEY `file_id` (`file_id`),
  KEY `task_id` (`task_id`),
  CONSTRAINT `files_tasks_ibfk_1` FOREIGN KEY (`file_id`) REFERENCES `files` (`id`) ON DELETE CASCADE,
  CONSTRAINT `files_tasks_ibfk_2` FOREIGN KEY (`task_id`) REFERENCES `tasks` (`id`) ON DELETE CASCADE
) ENGINE=InnoDB DEFAULT CHARSET=utf8 COLLATE=utf8_unicode_ci;

INSERT INTO `files_tasks` (`id`, `file_id`, `task_id`) VALUES
(1, 1, 1),
(2, 2, 2),
(3, 3, 3);

DROP TABLE IF EXISTS `projects`;
CREATE TABLE `projects` (
  `id` int(10) unsigned NOT NULL AUTO_INCREMENT,
  `name` varchar(255) COLLATE utf8_unicode_ci NOT NULL,
  `projects_users` int(10) unsigned NOT NULL,
  PRIMARY KEY (`id`)
) ENGINE=InnoDB DEFAULT CHARSET=utf8 COLLATE=utf8_unicode_ci;

INSERT INTO `projects` (`id`, `name`, `projects_users`) VALUES
(1, 'proj1', 1),
(2, 'proj2', 2),
(3, 'proj3', 3);

DROP TABLE IF EXISTS `projects_users`;
CREATE TABLE `projects_users` (
  `id` int(10) NOT NULL AUTO_INCREMENT,
  `project_id` int(10) unsigned NOT NULL,
  `user_id` int(10) unsigned NOT NULL,
  PRIMARY KEY (`id`),
  KEY `project_id` (`project_id`),
  KEY `user_id` (`user_id`),
  CONSTRAINT `projects_users_ibfk_1` FOREIGN KEY (`project_id`) REFERENCES `projects` (`id`) ON DELETE CASCADE,
  CONSTRAINT `projects_users_ibfk_2` FOREIGN KEY (`user_id`) REFERENCES `user` (`id`) ON DELETE CASCADE
) ENGINE=InnoDB DEFAULT CHARSET=utf8 COLLATE=utf8_unicode_ci;

INSERT INTO `projects_users` (`id`, `project_id`, `user_id`) VALUES
(1, 1, 1),
(2, 2, 2),
(3, 3, 3);

DROP TABLE IF EXISTS `tasks`;
CREATE TABLE `tasks` (
  `id` int(10) unsigned NOT NULL AUTO_INCREMENT,
  `name` varchar(255) COLLATE utf8_unicode_ci NOT NULL,
  `author_id` int(10) unsigned NOT NULL,
  `project_id` int(10) unsigned NOT NULL,
  `description` varchar(255) COLLATE utf8_unicode_ci NOT NULL,
  PRIMARY KEY (`id`),
  KEY `author_id` (`author_id`),
  KEY `project_id` (`project_id`),
  CONSTRAINT `tasks_ibfk_1` FOREIGN KEY (`author_id`) REFERENCES `user` (`id`) ON DELETE CASCADE,
  CONSTRAINT `tasks_ibfk_2` FOREIGN KEY (`project_id`) REFERENCES `projects` (`id`) ON DELETE CASCADE
) ENGINE=InnoDB DEFAULT CHARSET=utf8 COLLATE=utf8_unicode_ci;

INSERT INTO `tasks` (`id`, `name`, `author_id`, `project_id`, `description`) VALUES
(1, 'task1', 1, 1, 'd1'),
(2, 'task2', 2, 2, 'd2'),
(3, 'task3', 3, 3, 'd3');

DROP TABLE IF EXISTS `user`;
CREATE TABLE `user` (
  `id` int(10) unsigned NOT NULL AUTO_INCREMENT,
  `name` varchar(255) COLLATE utf8_unicode_ci NOT NULL,
  `email` varchar(255) COLLATE utf8_unicode_ci NOT NULL,
  PRIMARY KEY (`id`)
) ENGINE=InnoDB DEFAULT CHARSET=utf8 COLLATE=utf8_unicode_ci;

INSERT INTO `user` (`id`, `name`, `email`) VALUES
(1, 'user1', 'user1@gmail.com'),
(2, 'user2', 'user2@gmail.com'),
(3, 'user3', 'user3@gmail.com');

DROP TABLE IF EXISTS `users_task`;
CREATE TABLE `users_task` (
  `id` int(10) NOT NULL AUTO_INCREMENT,
  `task_id` int(10) unsigned NOT NULL,
  `user_id` int(10) unsigned NOT NULL,
  PRIMARY KEY (`id`),
  KEY `task_id` (`task_id`),
  KEY `user_id` (`user_id`),
  CONSTRAINT `users_task_ibfk_1` FOREIGN KEY (`task_id`) REFERENCES `tasks` (`id`) ON DELETE CASCADE,
  CONSTRAINT `users_task_ibfk_2` FOREIGN KEY (`user_id`) REFERENCES `user` (`id`) ON DELETE CASCADE
) ENGINE=InnoDB DEFAULT CHARSET=utf8 COLLATE=utf8_unicode_ci;

INSERT INTO `users_task` (`id`, `task_id`, `user_id`) VALUES
(1, 1, 1),
(2, 2, 2),
(3, 3, 3);
